{
  "name": "트로피",
  "icon": "ad_astra:mars_globe",
  "sortnum": 0,
  "category": "ad_astra:surviving_mars",
  "pages": [
    {
      "type": "patchouli:spotlight",
      "title": "모형",
      "item": "ad_astra:earth_globe",
      "text": "행성 모형은 던전 끝에서 발견되는 트로피 블록입니다. 모형은 실용적인 기능을 제공하지 않으며, 대신 장식용으로 사용 가능합니다. 마우스 우클릭으로 회전시키거나, 레드스톤으로 전원을 공급하여 계속 회전시킬 수 있습니다."
    },
    {
      "type": "patchouli:spotlight",
      "title": "우주 그림",
      "item": "ad_astra:space_painting",
      "text": "우주 그림은 던전의 상자에서 발견할 수 있습니다. 우주 그림은 일반적인 그림과 같지만 이 모드의 그림만 배치합니다. 총 14종류가 있습니다."
    }
  ]
}