{
  "name": "Місячники",
  "icon": "ad_astra:moon_stone_bricks",
  "sortnum": 5,
  "category": "ad_astra:the_moon",
  "pages": [
    {
      "type": "patchouli:spotlight",
      "title": "Місячник",
      "item": "ad_astra:moon_stone_bricks",
      "text": "По всьому Місяцю існують великі населені підземні села. Ці села містять чужоземну форму земних жителів, які називають себе місячниками. На відміну від свого земного побратима, місячники не потребують кисню і можуть вижити в холодному середовищі Місяця."
    },
    {
      "type": "patchouli:entity",
      "entity": "ad_astra:lunarian",
      "default_rotation": 45
    },
    {
      "type": "patchouli:text",
      "text": "Місячники мають інші продажі, відмінні від земних, зокрема матеріали характерні для їхньої місцевості, скафандри та кисневе спорядження."
    },
    {
      "type": "patchouli:spotlight",
      "title": "Мандрівний крамар",
      "item": "ad_astra:lunarian_wandering_trader_spawn_egg",
      "text": "Місячні мандрівні крамарі з’являються на кожному Місяці та планеті. У них є багато товарів, пов’язаних з ракетами, які можуть врятувати вам життя, зокрема майданчики для запуску, кисень, паливо, смолоскипи душ і вода. Вони приймають смарагди, які зазвичай зустрічаються в різних структурах на Місяці та планетах."
    },
    {
      "type": "patchouli:entity",
      "name": "Мандрівний крамар",
      "entity": "ad_astra:lunarian_wandering_trader",
      "default_rotation": 45,
      "scale": "0.8"
    }
  ]
}