{
  "name": "Марс",
  "icon": "ad_astra:/textures/sky/mars.png",
  "sortnum": 6,
  "category": "ad_astra:the_moon",
  "pages": [
    {
      "type": "patchouli:text",
      "title": "Марс",
      "text": "Тепер, коли ви дослідили Місяць і працювали з дешом, ви хочете піти далі й відправитися на червону планету. Створення ракети другого рівня, здатної подорожувати на Марс, схоже на будівництво ракети першого рівня, але замість сталі використовується деш для виготовлення кузова. Виготовте деталі, побудуйте ракету на верстаку НАСА, заправте її паливом і вирушайте на Марс!"
    },
    {
      "type": "patchouli:spotlight",
      "title": "Острум",
      "item": "ad_astra:ostrum_ingot",
      "text": "Острум — наступний матеріал, який ви мусите шукати на червоній планеті. Він використовується для створення потужніших космічних обладунків, створення унікальних приладів і побудови ракети, здатної витримувати сильну спеку, що дозволить вам подорожувати на спекотні планети."
    }
  ]
}