{
  "name": "Землехід",
  "icon": "ad_astra:tier_1_rover",
  "sortnum": 3,
  "category": "ad_astra:the_moon",
  "pages": [
    {
      "type": "patchouli:spotlight",
      "title": "Землехід",
      "item": "ad_astra:tier_1_rover",
      "text": "Землехід — наземний транспортний засіб, здатний пересуватися по грубій місцевості Місяця і планет. Він надзвичайно швидкий, має місце для зберігання восьми різних предметів і має два сидіння. Щоб скористатися ним, заповніть землехід паливом (Shift-клац і помістіть відра з паливом у лівий вхідний слот)."
    },
    {
      "type": "patchouli:entity",
      "entity": "ad_astra:tier_1_rover",
      "scale": "0.36"
    }
  ]
}