{
  "name": "Сонячна панель",
  "icon": "ad_astra:solar_panel",
  "sortnum": 1,
  "category": "ad_astra:the_moon",
  "pages": [
    {
      "type": "patchouli:spotlight",
      "title": "Сонячна панель",
      "item": "ad_astra:solar_panel",
      "text": "Сонячна панель є оновленою версією вугільного генератора, оскільки виробляє більше енергії за такт і не потребує нагляду оскільки є самозабезпеченою. Виробництво енергії залежить від відстані планети до сонця та туману. Через це ефективніше розміщувати сонячні панелі ближче до сонця. Сонячні панелі також виробляють більше енергії на орбіті, оскільки немає атмосфери, яка б блокувала світло."
    },
    {
      "type": "patchouli:crafting",
      "title": "Сонячна панель",
      "text": "Перегляньте підказку або інтерфейс сонячної панелі, щоб побачити, скільки енергії виробляється у вимірі в якому вона знаходиться.",
      "recipe": "ad_astra:recipes/solar_panel"
    }
  ]
}