{
  "name": "Космічна станція",
  "icon": "ad_astra:/textures/gui/space_station_icon.png",
  "sortnum": 0,
  "category": "ad_astra:the_moon",
  "pages": [
    {
      "type": "patchouli:text",
      "title": "Космічна станція",
      "text": "Космічна станція — це заздалегідь побудована конструкція, яка створюється на екрані вибору планети, якщо у вас є необхідні матеріали. Космічні станції завжди розташовані на орбіті Місяця або планети й забезпечують можливість розміщення блоків у цьому вимірі."
    },
    {
      "type": "patchouli:text",
      "title": "Космічна станція",
      "text": "Космічні станції створені для розширення, що дозволить вам побудувати базу вашої мрії над Місяцем/планетою. Вони завжди з’являються в будь-якій позиції, з якої ви запускаєте свою ракету, тому запам’ятайте координати, щоб не втратити конструкцію."
    }
  ]
}