{
	"credit": "Made with Blockbench",
	"textures": {
		"1": "constructionwand:item/light_gray_stained_glass",
		"2": "constructionwand:item/iron_block",
		"3": "block/dark_oak_log",
		"4": "create:block/brass_block",
		"5": "block/blackstone_top",
		"6": "create:block/flap_display_front",
		"particle": "constructionwand:item/iron_block"
	},
	"elements": [
		{
			"name": "Grip Core",
			"from": [6.5, -5, 6.5],
			"to": [9.5, 8, 9.5],
			"faces": {
				"north": {"uv": [5, 1, 8, 14], "texture": "#5"},
				"east": {"uv": [3, 2, 6, 15], "texture": "#5"},
				"south": {"uv": [10, 1, 13, 14], "texture": "#5"},
				"west": {"uv": [8, 2, 11, 15], "texture": "#5"},
				"up": {"uv": [0, 0, 3, 3], "texture": "#5"},
				"down": {"uv": [5, 6, 8, 9], "texture": "#5"}
			}
		},
		{
			"name": "Rod Bottom Core",
			"from": [6.5, 9, 6.5],
			"to": [9.5, 21, 9.5],
			"rotation": {"angle": 45, "axis": "y", "origin": [8, 8, 8]},
			"faces": {
				"north": {"uv": [8, 4, 11, 16], "texture": "#4"},
				"east": {"uv": [4, 4, 7, 16], "texture": "#4"},
				"south": {"uv": [9, 4, 12, 16], "texture": "#4"},
				"west": {"uv": [6, 4, 9, 16], "texture": "#4"},
				"up": {"uv": [12, 2, 15, 5], "texture": "#4"},
				"down": {"uv": [9, 9, 12, 12], "texture": "#4"}
			}
		},
		{
			"name": "Grip Cap",
			"from": [6, 8, 6],
			"to": [10, 9, 10],
			"faces": {
				"north": {"uv": [2, 0, 6, 1], "texture": "#3"},
				"east": {"uv": [0, 0, 4, 1], "texture": "#3"},
				"south": {"uv": [0, 0, 4, 1], "texture": "#3"},
				"west": {"uv": [0, 1, 4, 2], "texture": "#3"},
				"up": {"uv": [10, 15, 14, 11], "texture": "#3"},
				"down": {"uv": [5, 3, 9, 7], "texture": "#3"}
			}
		},
		{
			"name": "Rod Top Core",
			"from": [6.5, 29, 6.5],
			"to": [9.5, 30, 9.5],
			"rotation": {"angle": 45, "axis": "y", "origin": [8, 8, 8]},
			"faces": {
				"north": {"uv": [8, 1, 11, 2], "texture": "#4"},
				"east": {"uv": [7, 1, 10, 2], "texture": "#4"},
				"south": {"uv": [5, 1, 8, 2], "texture": "#4"},
				"west": {"uv": [3, 1, 6, 2], "texture": "#4"},
				"up": {"uv": [11, 1, 14, 2], "texture": "#4"},
				"down": {"uv": [11, 1, 14, 2], "texture": "#4"}
			}
		},
		{
			"name": "Cap",
			"from": [6, 30, 6],
			"to": [10, 31, 10],
			"faces": {
				"north": {"uv": [0, 0, 4, 1], "texture": "#3"},
				"east": {"uv": [0, 0, 4, 1], "texture": "#3"},
				"south": {"uv": [0, 0, 4, 1], "texture": "#3"},
				"west": {"uv": [0, 0, 4, 1], "texture": "#3"},
				"up": {"uv": [7, 10, 11, 14], "texture": "#3"},
				"down": {"uv": [7, 10, 11, 14], "texture": "#3"}
			}
		},
		{
			"name": "Grip Deco",
			"from": [6.3, 5.5, 6.3],
			"to": [9.7, 7.5, 9.7],
			"faces": {
				"north": {"uv": [4, 0, 7, 2], "texture": "#6"},
				"east": {"uv": [4, 0, 7, 2], "texture": "#6"},
				"south": {"uv": [4, 0, 7, 2], "texture": "#6"},
				"west": {"uv": [4, 0, 7, 2], "texture": "#6"}
			}
		},
		{
			"name": "Grip Deco",
			"from": [6.3, -4.5, 6.3],
			"to": [9.7, -2.5, 9.7],
			"faces": {
				"north": {"uv": [4, 2, 7, 0], "texture": "#6"},
				"east": {"uv": [4, 2, 7, 0], "texture": "#6"},
				"south": {"uv": [4, 2, 7, 0], "texture": "#6"},
				"west": {"uv": [4, 2, 7, 0], "texture": "#6"}
			}
		},
		{
			"name": "Grip Deco",
			"from": [6.3, -4.5, 9.7],
			"to": [9.7, -2.5, 6.3],
			"faces": {
				"north": {"uv": [4, 2, 7, 0], "texture": "#6"},
				"east": {"uv": [4, 2, 7, 0], "texture": "#6"},
				"south": {"uv": [4, 2, 7, 0], "texture": "#6"},
				"west": {"uv": [4, 2, 7, 0], "texture": "#6"}
			}
		},
		{
			"name": "Grip Deco",
			"from": [6.3, 5.5, 9.7],
			"to": [9.7, 7.5, 6.3],
			"faces": {
				"north": {"uv": [4, 0, 7, 2], "texture": "#6"},
				"east": {"uv": [4, 0, 7, 2], "texture": "#6"},
				"south": {"uv": [4, 0, 7, 2], "texture": "#6"},
				"west": {"uv": [4, 0, 7, 2], "texture": "#6"}
			}
		},
		{
			"name": "Cube",
			"from": [6, 21.6, 6],
			"to": [10, 28.4, 10],
			"rotation": {"angle": 0, "axis": "y", "origin": [0, 1, 0]},
			"faces": {
				"north": {"uv": [10, 7, 13, 11], "texture": "#1"},
				"east": {"uv": [5, 5, 8, 10], "texture": "#1"},
				"south": {"uv": [7, 8, 10, 12], "texture": "#1"},
				"west": {"uv": [7, 6, 4, 10], "texture": "#1"},
				"up": {"uv": [7, 7, 10, 10], "texture": "#1"},
				"down": {"uv": [9, 3, 12, 6], "texture": "#1"}
			}
		},
		{
			"name": "Square North",
			"from": [7.5, 21.7132, -14.64214],
			"to": [8.5, 22.7132, -13.64214],
			"shade": false,
			"rotation": {"angle": 45, "axis": "x", "origin": [0, 1, 0]},
			"faces": {
				"north": {"uv": [2, 2, 3, 3], "texture": "#1"},
				"east": {"uv": [6, 6, 7, 7], "texture": "#1"},
				"south": {"uv": [8, 6, 9, 7], "texture": "#1"},
				"west": {"uv": [11, 9, 12, 10], "texture": "#1"},
				"up": {"uv": [9, 5, 10, 6], "texture": "#1"},
				"down": {"uv": [5, 7, 6, 8], "texture": "#1"}
			}
		},
		{
			"name": "Square South",
			"from": [7.5, 24.45584, -8.89949],
			"to": [8.5, 25.45584, -7.89949],
			"shade": false,
			"rotation": {"angle": 45, "axis": "x", "origin": [0, 1, 0]},
			"faces": {
				"north": {"uv": [2, 2, 3, 3], "texture": "#1"},
				"east": {"uv": [2, 2, 3, 3], "texture": "#1"},
				"south": {"uv": [2, 2, 3, 3], "texture": "#1"},
				"west": {"uv": [2, 2, 3, 3], "texture": "#1"},
				"up": {"uv": [2, 2, 3, 3], "texture": "#1"},
				"down": {"uv": [2, 2, 3, 3], "texture": "#1"}
			}
		},
		{
			"name": "Square West",
			"from": [22.87006, 8.48528, 7.5],
			"to": [23.87006, 9.48528, 8.5],
			"shade": false,
			"rotation": {"angle": 45, "axis": "z", "origin": [0, 1, 0]},
			"faces": {
				"north": {"uv": [2, 2, 3, 3], "texture": "#1"},
				"east": {"uv": [2, 2, 3, 3], "texture": "#1"},
				"south": {"uv": [2, 2, 3, 3], "texture": "#1"},
				"west": {"uv": [2, 2, 3, 3], "texture": "#1"},
				"up": {"uv": [2, 2, 3, 3], "texture": "#1"},
				"down": {"uv": [2, 2, 3, 3], "texture": "#1"}
			}
		},
		{
			"name": "Square East",
			"from": [20.37006, 13.98528, 7.5],
			"to": [21.37006, 14.98528, 8.5],
			"shade": false,
			"rotation": {"angle": 45, "axis": "z", "origin": [0, 1, 0]},
			"faces": {
				"north": {"uv": [2, 2, 3, 3], "texture": "#1"},
				"east": {"uv": [2, 2, 3, 3], "texture": "#1"},
				"south": {"uv": [2, 2, 3, 3], "texture": "#1"},
				"west": {"uv": [2, 2, 3, 3], "texture": "#1"},
				"up": {"uv": [2, 2, 3, 3], "texture": "#1"},
				"down": {"uv": [2, 2, 3, 3], "texture": "#1"}
			}
		},
		{
			"name": "Rod Core",
			"from": [6.5, 22.1, 6.5],
			"to": [9.5, 27.9, 9.5],
			"rotation": {"angle": 0, "axis": "y", "origin": [0, 1, 0]},
			"faces": {
				"north": {"uv": [10, 2, 12, 6], "texture": "#2"},
				"east": {"uv": [13, 5, 15, 9], "texture": "#2"},
				"south": {"uv": [11, 5, 13, 9], "texture": "#2"},
				"west": {"uv": [11, 3, 13, 7], "texture": "#2"},
				"up": {"uv": [14, 0, 16, 2], "texture": "#2"},
				"down": {"uv": [14, 6, 16, 8], "texture": "#2"}
			}
		}
	],
	"overrides": [
		{"predicate": {"constructionwand:using_core": 1}, "model": "constructionwand:item/diamond_wand_core"}
	],
	"display": {
		"thirdperson_righthand": {
			"rotation": [15, 0, 0],
			"translation": [-0.25, 1, 1.25],
			"scale": [0.5, 0.5, 0.5]
		},
		"firstperson_righthand": {
			"rotation": [15, 0, 0],
			"translation": [0, 0, -2],
			"scale": [0.6, 0.6, 0.6]
		},
		"ground": {
			"translation": [0, 4.2, 0],
			"scale": [0.4, 0.4, 0.4]
		},
		"gui": {
			"rotation": [39, 140, 34],
			"translation": [-1.7, -1.7, -3],
			"scale": [0.8, 0.8, 0.8]
		},
		"fixed": {
			"rotation": [0, -90, 0],
			"translation": [0, -5, 0]
		}
	}
}