{
  "name": "月球生物",
  "icon": "ad_astra:moon_stone_bricks",
  "sortnum": 5,
  "category": "ad_astra:the_moon",
  "pages": [
    {
      "type": "patchouli:spotlight",
      "title": "月球原住民",
      "item": "ad_astra:moon_stone_bricks",
      "text": "整个月球上，遍布着无数的地下村庄，而这些村庄的村民们称自己为“月球原住民”。不同于我们所熟悉的、生活在地球上的村民，月球原住民不需要呼吸氧气，还可以在月球的严寒中生存。"
    },
    {
      "type": "patchouli:entity",
      "entity": "ad_astra:lunarian",
      "default_rotation": 45
    },
    {
      "type": "patchouli:text",
      "text": "月球原住民有许多新奇的商品，包括所在星球的特殊材料、宇航服和各式氧气装备等。"
    },
    {
      "type": "patchouli:spotlight",
      "title": "月球流浪商人",
      "item": "ad_astra:lunarian_wandering_trader_spawn_egg",
      "text": "月球流浪商人会出现在每宇宙的每个角落。它们的许多存货都是些进行星际旅行时的必要零件，或许能在危急时刻就你一命：火箭发射基座、氧气、燃油、照明用具和水。它们同样使用绿宝石作为货币，而后者是各个星球的遗迹宝藏中的常客。"
    },
    {
      "type": "patchouli:entity",
      "name": "月球流浪商人",
      "entity": "ad_astra:lunarian_wandering_trader",
      "default_rotation": 45,
      "scale": 0.8
    }
  ]
}