{
  "name": "供氧仪",
  "icon": "ad_astra:oxygen_distributor",
  "sortnum": 2,
  "category": "ad_astra:the_moon",
  "pages": [
    {
      "type": "patchouli:spotlight",
      "title": "供氧仪",
      "item": "ad_astra:oxygen_distributor",
      "text": "供氧仪可以将氧气扩散到一个密闭空间内，维持其中的生命。它与氧气装载器的工作方式相同，但不同的是，它会直接将产出的氧气扩散到四周。"
    },
    {
      "type": "patchouli:spotlight",
      "title": "水泵",
      "item": "ad_astra:water_pump",
      "text": "当你需要不限量的氧气供应时，水泵是必要的。将水泵放置在无限水源的上方，并在相邻处放置一台供氧仪，再保证它们有充足的能量供应即可。"
    },
    {
      "type": "patchouli:crafting",
      "title": "供氧仪和水泵",
      "recipe": "ad_astra:recipes/oxygen_distributor",
      "recipe2": "ad_astra:recipes/water_pump"
    },
    {
      "type": "patchouli:text",
      "title": "使用供氧仪",
      "text": "当你的供氧仪有了了充足的水源、能量供应后，它会开始为所在密闭空间的环境大气供氧。点击GUI界面中的“显示”按钮可以查看氧气的分配状态。如果你看见供氧仪正不断冒出气泡，那代表着它的工作状态良好。"
    },
    {
      "type": "patchouli:text",
      "text": "如果供氧仪所在的空间不是完全密闭的（氧气会从某个孔洞中逸出），供氧仪的GUI界面中会弹出警告。这时，你需要尽快补上漏洞以防额外的能量浪费，在那之后，你无需穿戴宇航服也可以呼吸到新鲜的空气了。每个供氧仪最多可以为2000立方米的环境大气供氧，足够覆盖一个中等大小的空间站或基地建筑。如果你要为更大的空间供氧，只需放置更多的供氧仪即可。"
    },
    {
      "type": "patchouli:text",
      "title": "通风透气",
      "text": "当你建造供氧系统时，记得设计一个合理的通风系统，避免氧气供应在关上一扇门时就被切断。要达成通风的效果，你可以在墙面之间留出一格的空隙，或是为氧气的供应建造一条单独的通道。"
    }
  ]
}