{
  "name": "巡游者",
  "icon": "ad_astra:tier_1_rover",
  "sortnum": 3,
  "category": "ad_astra:the_moon",
  "pages": [
    {
      "type": "patchouli:spotlight",
      "title": "巡游者",
      "item": "ad_astra:tier_1_rover",
      "text": "巡游者是在外星的崎岖地表上自在漫游的不二选择。它不可置信地快，在拥有八格存储空间的同时支持两名玩家同时乘坐。在驾驶巡游者前，你需要为它填满燃油（潜行时右击，然后将燃油桶从左侧放入）。"
    },
    {
      "type": "patchouli:entity",
      "entity": "ad_astra:tier_1_rover",
      "scale": 0.36
    }
  ]
}