{
  "name": "Луняне",
  "icon": "ad_astra:moon_stone_bricks",
  "sortnum": 5,
  "category": "ad_astra:the_moon",
  "pages": [
    {
      "type": "patchouli:spotlight",
      "title": "Лунянин",
      "item": "ad_astra:moon_stone_bricks",
      "text": "По всей Луне есть большие населенные подземные деревни. В этих деревнях обитает инопланетная форма земных жителей. В отличие от своих земных собратьев, луняне не нуждаются в кислороде и могут выжить в леденящих условиях Луны."
    },
    {
      "type": "patchouli:entity",
      "entity": "ad_astra:lunarian",
      "default_rotation": 45
    },
    {
      "type": "patchouli:text",
      "text": "Ремесла лунян отличаются от ремесел жителей земли: они используют материалы, характерные для конкретной планеты, космические скафандры и кислородное снаряжение."
    },
    {
      "type": "patchouli:spotlight",
      "title": "Бродячий торговец",
      "item": "ad_astra:lunarian_wandering_trader_spawn_egg",
      "text": "Лунные бродячие торговцы появляются на каждой луне и планете. У них есть много профессий, связанных с ракетами, которые могут спасти вашу жизнь, включая стартовые площадки, кислород, топливо, факелы души и воду. Они принимают изумруды, которые обычно встречаются в различных сооружениях на Луне и планетах."
    },
    {
      "type": "patchouli:entity",
      "name": "Бродячий торговец",
      "entity": "ad_astra:lunarian_wandering_trader",
      "default_rotation": 45,
      "scale": 0.8
    }
  ]
}