{
  "name": "Марс",
  "icon": "ad_astra:/textures/sky/mars.png",
  "sortnum": 6,
  "category": "ad_astra:the_moon",
  "pages": [
    {
      "type": "patchouli:text",
      "title": "Марс",
      "text": "Теперь, когда вы исследовали Луну и поработали с Дешем, вы хотите пойти дальше и отправиться на Красную планету. Строительство ракеты второго уровня, способной отправиться на Марс, аналогично строительству ракеты первого уровня, но с использованием Деша вместо Стали. Соберите детали, соберите ракету на верстаке НАСА, заправьте ее топливом и отправляйтесь на Марс!"
    },
    {
      "type": "patchouli:spotlight",
      "title": "Острум",
      "item": "ad_astra:ostrum_ingot",
      "text": "Острум - это следующий материал, который вы ищете на красной планете. Он используется для создания более мощной космической брони, создания выдающихся машин и для создания ракеты, способной выдерживать экстремальную жару, позволяя вам путешествовать на горячие планеты."
    }
  ]
}