{
  "name": "Марсоход",
  "icon": "ad_astra:tier_1_rover",
  "sortnum": 3,
  "category": "ad_astra:the_moon",
  "pages": [
    {
      "type": "patchouli:spotlight",
      "title": "Марсоход",
      "item": "ad_astra:tier_1_rover",
      "text": "Марсоход - это наземное транспортное средство, способное передвигаться по пересеченной местности лун и планет. Он чрезвычайно быстр, имеет инвентарь, способный вместить восемь предметов, и имеет два места для нескольких пассажиров. Чтобы использовать, заправьте его топливом (нажмите клавишу shift и щелкните правой кнопкой мыши и поместите топливные баки в левое входное гнездо)."
    },
    {
      "type": "patchouli:entity",
      "entity": "ad_astra:tier_1_rover",
      "scale": 0.36
    }
  ]
}