{
  "name": "Панель Солнечных Батарей",
  "icon": "ad_astra:solar_panel",
  "sortnum": 1,
  "category": "ad_astra:the_moon",
  "pages": [
    {
      "type": "patchouli:spotlight",
      "title": "Панель Солнечных Батарей",
      "item": "ad_astra:solar_panel",
      "text": "Солнечная панель - это модернизированная версия угольного генератора, производящая больше энергии за тик, оставаясь при этом самостоятельной. Его выработка энергии зависит от расстояния планеты от солнца и тумана. Из-за этого более эффективно размещать солнечные панели близко к солнцу. Солнечные панели также производят больше энергии на орбите, поскольку там нет атмосферы, блокирующей свет."
    },
    {
      "type": "patchouli:crafting",
      "title": "Панель Солнечных Батарей",
      "text": "Проверьте всплывающую подсказку или графический интерфейс Солнечной Панели, чтобы узнать, сколько энергии производится в текущем мире.",
      "recipe": "ad_astra:recipes/solar_panel"
    }
  ]
}