{
  "name": "Космическая Станция",
  "icon": "ad_astra:/textures/gui/space_station_icon.png",
  "sortnum": 0,
  "category": "ad_astra:the_moon",
  "pages": [
    {
      "type": "patchouli:text",
      "title": "Космическая Станция",
      "text": "Космическая станция - это предварительно построенное сооружение, которое создается на экране выбора планеты при условии, что у вас есть необходимые материалы. Космические станции всегда расположены на орбите Луны или планеты и предоставляют возможность размещать блоки в этом измерении орбиты."
    },
    {
      "type": "patchouli:text",
      "title": "Космическая Станция",
      "text": "Космические станции предназначены для расширения, что позволяет вам построить базу вашей мечты на Луне/Планете. Они всегда появляются в том месте, в которое вы запустили свою ракету, поэтому запомните координаты, чтобы не потерять структуру."
    }
  ]
}