{
  "name": "산소 분사기",
  "icon": "ad_astra:oxygen_distributor",
  "sortnum": 2,
  "category": "ad_astra:the_moon",
  "pages": [
    {
      "type": "patchouli:spotlight",
      "title": "산소 분사기",
      "item": "ad_astra:oxygen_distributor",
      "text": "산소 분사기는 밀폐된 공간에 산소를 분사하여 내부의 모든 생명체가 생존할 수 있도록 하는 강력한 장치입니다. 물탱크에 물을 넣는 산소 생성기와 유사하게 작동하지만, 산소를 저장하는 대신 공기 중으로 분사합니다."
    },
    {
      "type": "patchouli:spotlight",
      "title": "물 펌프",
      "item": "ad_astra:water_pump",
      "text": "물 펌프는 산소 분사기를 계속 계속 작동시키는데 필수적입니다. 펌프를 사용하려면 펌프 아래 무한한 무한 수원을 놓고 물 블록 중 하나 위에 물 펌프를 설치하고, 그 옆에 산소 분배기를 놓으세요. 펌프와 산소 분사기에 충분한 동력을 공급해야 합니다."
    },
    {
      "type": "patchouli:crafting",
      "title": "산소 분사기와 펌프",
      "recipe": "ad_astra:recipes/oxygen_distributor",
      "recipe2": "ad_astra:recipes/water_pump"
    },
    {
      "type": "patchouli:text",
      "title": "분사기를 사용하기",
      "text": "밀폐된 공간 안의 분사기에 무한한 수원, 충분한 에너지를 공급한다면 해당 공간에 산소를 분출합니다. 산소가 공급되고 있는지 확인하려면, \"보기\" 버튼을 산소 분사기 GUI에서 클릭하세요. 거품이 떠 있는 것이 보이면 해당 공간에 산소가 공급되고 있다는 뜻입니다."
    },
    {
      "type": "patchouli:text",
      "text": "공간에 산소가 빠져나갈 구멍이 있는 경우, 분사기 GUI에서 경고를 표시합니다. 구멍을 막아 불필요한 전력 및	산소 사용을 막으세요. 그 후에는, 산소 슈트를 벗고도 생존할 수 있을 것입니다. 각 산소 분사기는 최대 2000 블록까지 산소를 공급 가능하므로 적당한 크기의 우주 정거장이나 기지를 구축할 수 있습니다. 공간이 더 필요하다면 더 많은 산소 분배기를 설치할 수 있습니다."
    },
    {
      "type": "patchouli:text",
      "title": "통풍",
      "text": "산소가 공급되는 공간 내부에서는 문이 닫힐 때 산소가 차단되지 않도록 적절한 환기가 필요합니다. 환기를 위해서는 벽 사이에 한 블록을 남기거나 분사기로 이어지는 공간을 만들 수 있습니다."
    }
  ]
}