{
  "name": "Mars",
  "icon": "ad_astra:/textures/sky/mars.png",
  "sortnum": 6,
  "category": "ad_astra:the_moon",
  "pages": [
    {
      "type": "patchouli:text",
      "title": "Mars",
      "text": "Now that you have explored the moon and worked with desh, you want to take it further and go to the red planet. Building a tier two rocket capable of travelling to Mars is similar to building the tier one rocket, but with desh materials instead of steel. Construct the parts, build the rocket in the NASA workbench, fuel it up, and off you go to Mars!"
    },
    {
      "type": "patchouli:spotlight",
      "title": "Ostrum",
      "item": "ad_astra:ostrum_ingot",
      "text": "Ostrum is the next material that you seek on the red planet. It is used to craft more powerful space armour, build exceptional machines and to construct a rocket capable of withstanding extreme heat, allowing you to travel to hot planets."
    }
  ]
}