{
  "name": "Space Station",
  "icon": "ad_astra:/textures/gui/space_station_icon.png",
  "sortnum": 0,
  "category": "ad_astra:the_moon",
  "pages": [
    {
      "type": "patchouli:text",
      "title": "Space Station",
      "text": "A space station is a pre-built structure that is created in the planet selection screen, provided you have the necessary materials. Space stations are always located in a moon or planet's orbit and provide the ability to place blocks in that orbit dimension."
    },
    {
      "type": "patchouli:text",
      "title": "Space Station",
      "text": "Space stations are designed to be expanded upon, allowing you to build the base of your dreams over a moon/planet. They always spawn in whatever position you launched your rocket at, so remember the coordinates to avoid losing the structure."
    }
  ]
}