{
  "name": "Лучшее топливо",
  "icon": "ad_astra:cryo_freezer",
  "sortnum": 3,
  "category": "ad_astra:surviving_mars",
  "pages": [
    {
      "type": "patchouli:spotlight",
      "title": "Криофризер",
      "item": "ad_astra:cryo_freezer",
      "text": "Топливо трудно достать; для этого нужно отправиться в океан и поискать нефтяные фонтаны. Криофризер представляет новый способ получения более качественного топлива - криотопливо. Криотопливо намного эффективнее очищаемого топлива, позволяя запускать ракету всего одним ведром."
    },
    {
      "type": "patchouli:text",
      "text": "Он создается путем сбора ледяных осколков, которые находят в виде руды под землей на холодных планетах. Затем осколок льда нужно поместить в криофризер, и он превратится в 25 мБ криотоплива. Кроме того, вы можете превратить лед, упакованный лед и голубой лед в топливо. Как только вы приготовите по крайней мере два ведра (одно для запуска, а другое для обратного полета), поместите ведра в гнездо для ракетного топлива."
    },
    {
      "type": "patchouli:crafting",
      "recipe": "ad_astra:recipes/cryo_freezer"
    },
    {
      "type": "patchouli:spotlight",
      "title": "Криотопливо",
      "item": "ad_astra:cryo_fuel_bucket",
      "text": "Помимо того, что криотопливо является отличным топливом, оно обладает некоторыми другими свойствами. При размещении оно повредит все, что находится внутри, подобно лаве. Он может быть помещен в космос и в преисподней, не испаряясь. Наконец, он замораживает воду, создавая бесконечный источник льда."
    }
  ]
}