{
  "name": "Энерджайзер",
  "icon": "ad_astra:energizer",
  "sortnum": 2,
  "category": "ad_astra:surviving_mars",
  "pages": [
    {
      "type": "patchouli:spotlight",
      "title": "Энерджайзер",
      "item": "ad_astra:energizer",
      "text": "Энерджайзер - это машина, способная приводить в действие предметы и накапливать большое количество энергии. Чтобы зарядить предмет, включите энерджайзер, а затем щелкните правой кнопкой мыши на энерджайзере с этим предметом. Он накапливает 2 миллиона единиц энергии, что делает его способным заряжать машины в течение очень длительного времени. Он также сохраняет свою энергию при разрушении."
    },
    {
      "type": "patchouli:crafting",
      "recipe": "ad_astra:recipes/energizer"
    }
  ]
}