{
  "name": "Трофеи",
  "icon": "ad_astra:mars_globe",
  "sortnum": 0,
  "category": "ad_astra:surviving_mars",
  "pages": [
    {
      "type": "patchouli:spotlight",
      "title": "Глобусы",
      "item": "ad_astra:earth_globe",
      "text": "Глобусы - это трофейные блоки, найденные в качестве награды в конце подземелья. Глобусы не выполняют никакой практической функции и вместо этого являются декоративным элементом. Их можно вращать, щелкнув правой кнопкой мыши, или они могут вращаться вечно при питании от редстоуна."
    },
    {
      "type": "patchouli:spotlight",
      "title": "Космические картины",
      "item": "ad_astra:space_painting",
      "text": "Космические картины можно найти в сундуках по всему подземелью. Они работают точно так же, как обычные картины, но размещают только картины из этого мода. Есть 14 экземпляров, которые нужно искать."
    }
  ]
}