{
  "name": "Венера и Меркурий",
  "icon": "ad_astra:/textures/sky/venus.png",
  "sortnum": 5,
  "category": "ad_astra:surviving_mars",
  "pages": [
    {
      "type": "patchouli:spotlight",
      "title": "Калорит",
      "item": "ad_astra:calorite_ingot",
      "text": "Как только у вас будет достаточно Острума для изготовления полного комплекта незеритового скафандра и всех компонентов ракеты третьего уровня, вы сможете отправиться на Венеру и Меркурий. Пожалуйста, обратите внимание, что если вы войдете на эти планеты без незеритового скафандра или огнестойкости, вы очень быстро умрете. Следующий материал, который вы ищете, - это калорит."
    },
    {
      "type": "patchouli:text",
      "text": "Калорит используется для создания совершенной ракеты, способной отправиться в новую солнечную систему."
    }
  ]
}