{
  "name": "Oxygen",
  "icon": "ad_astra:oxygen_tank",
  "sortnum": 3,
  "category": "ad_astra:the_first_launch",
  "pages": [
    {
      "type": "patchouli:text",
      "text": "At this point, you can launch your rocket; however, you will likely die very fast, as there is no oxygen on the moon. In order to survive on the moon, you will need an oxygenated space suit and an ample oxygen supply."
    },
    {
      "type": "patchouli:crafting",
      "recipe": "ad_astra:recipes/space_helmet",
      "recipe2": "ad_astra:recipes/space_suit"
    },
    {
      "type": "patchouli:crafting",
      "recipe": "ad_astra:recipes/space_pants",
      "recipe2": "ad_astra:recipes/space_boots"
    },
    {
      "type": "patchouli:spotlight",
      "title": "Oxygen",
      "item": "ad_astra:oxygen_bucket",
      "text": "To obtain oxygen, it must be extracted from water. An oxygen loader is required to do this. Craft one, then place water in the left tank, and watch it convert into oxygen. You must repeat this process many times until you have enough oxygen."
    },
    {
      "type": "patchouli:crafting",
      "title": "Oxygen Loader",
      "recipe": "ad_astra:recipes/oxygen_loader",
      "text": "Oxygen can then be extracted by collecting it in a bucket, spacesuit, or an oxygen tank. After you have enough oxygen, you are moments away from launching your first rocket!"
    }
  ]
}