{
  "name": "The Moon",
  "icon": "ad_astra:/textures/sky/moon.png",
  "sortnum": 5,
  "category": "ad_astra:the_first_launch",
  "pages": [
    {
      "type": "patchouli:spotlight",
      "title": "The Moon",
      "item": "ad_astra:desh_ingot",
      "text": "Congratulations on reaching the moon! The moon is a barren wasteland, grey and dead, as far as the eye can see; however, underground is where you will find the next major resource in Ad Astra - Desh! Desh is used to craft advanced machines, space stations, and the tier two rocket."
    },
    {
      "type": "patchouli:text",
      "title": "Returning Home",
      "text": "To return back to earth, open your lander (shift + right-click) and collect the rocket, fuel and the launch pad. To remove the lander, punch it. Set up the launch pad, place the rocket down and fill it up with fuel. Press $(k:jump) and fly back to earth."
    }
  ]
}