{
  "name": "喷气式宇航服",
  "icon": "ad_astra:jet_suit_helmet",
  "sortnum": 0,
  "category": "ad_astra:the_hot_planets",
  "pages": [
    {
      "type": "patchouli:spotlight",
      "title": "喷气式宇航服",
      "item": "ad_astra:jet_suit_helmet",
      "text": "喷气式宇航服相比于合金宇航服，在各个方面都有显著提升，而且——它拥有的喷气背包可以让你随时漂浮在半空中。一套喷气式宇航服很贵重，但它的高速飞行能力一定会让你觉得物有所值。"
    },
    {
      "type": "patchouli:text",
      "text": "按下不同的按键可以触发不同的飞行模式：按下$(k:jump)，在稳压模式下漫步，或同时按下$(k:jump)和$(k:sprint)以在增压模式下冲刺。稳压模式会将你从原地缓慢抬升，而增压模式的效果则类似在装备鞘翅的同时被烟花火箭推进。喷气式宇航服需要能量才能够运行，手持它右击能源站即可为它充电。"
    },
    {
      "type": "patchouli:crafting",
      "recipe": "ad_astra:recipes/jet_suit_helmet",
      "recipe2": "ad_astra:recipes/jet_suit"
    },
    {
      "type": "patchouli:crafting",
      "recipe": "ad_astra:recipes/jet_suit_pants",
      "recipe2": "ad_astra:recipes/jet_suit_boots"
    }
  ]
}