{
  "name": "半人马座比邻星",
  "icon": "ad_astra:/textures/painting/alpha_centauri.png",
  "sortnum": 1,
  "category": "ad_astra:the_hot_planets",
  "pages": [
    {
      "type": "patchouli:text",
      "title": "半人马座比邻星",
      "text": "以耐热金属制成的四级火箭拥有跨星际航行的能力。乘着它，你可以前往距离太阳最近的一颗恒星——比邻星旁。比邻星，又名半人马座α星C，是南门二三合星之一。你将前往的，是它的一颗行星：霜原星。霜原星难以置信地冷，但它的大气中却含有氧气，因此，你可以选择不再穿着宇航服，只要你耐得住那刺骨的严寒。"
    },
    {
      "type": "patchouli:text",
      "text": "还在地球上的时候，你翻山越岭，成为了一名旅者，探索着、享受着大自然。直到有一天，你造出了一枚火箭...现在，你正站在距离家乡4.22光年远的霜原星上，开辟着新的家园...你俨然成为了一名宇宙的探索者，为新的文明燃起了篝火。$(br2)Ad Astra的游戏内容到这里就要告一段落了。当有更多的玩法和维度加入时，《银河系漫游指南》也会继续撰写下去。感谢你的游玩，旅者！"
    }
  ]
}