{
  "name": "高效燃烧",
  "icon": "ad_astra:cryo_freezer",
  "sortnum": 3,
  "category": "ad_astra:surviving_mars",
  "pages": [
    {
      "type": "patchouli:spotlight",
      "title": "深低温燃油",
      "item": "ad_astra:cryo_freezer",
      "text": "要生产传统燃油，你需要在茫茫大海上寻找原油涌泉，再进行繁复的加工处理...而深低温冷冻器允许你制造出一种更高效、更安全的燃料——深低温燃油。相比于传统精炼燃油的三桶才可以发射一枚火箭，深低温燃油只需一桶。"
    },
    {
      "type": "patchouli:text",
      "text": "生产深低温燃油的第一步是前往那些寒冷星球的地表之下，寻找冷冻的冰晶矿石。将一块冰晶投入深低温冷冻器中，可以转换出25 mB深低温燃油；冰、浮冰和蓝冰也可以作为备用材料生产燃油。在右侧放入空桶即可取出燃油。"
    },
    {
      "type": "patchouli:crafting",
      "recipe": "ad_astra:recipes/cryo_freezer"
    },
    {
      "type": "patchouli:spotlight",
      "title": "深低温燃油",
      "item": "ad_astra:cryo_fuel_bucket",
      "text": "深低温燃油的性能非凡，也暗示着它的危险性。它像岩浆一样，会对陷入其中的实体造成伤害；它的温度很低，但却能存放在下界而不用担心被蒸发殆尽；它还是一个永恒的冷冻源，能够源源不断地将一旁的水冻成冰块。"
    }
  ]
}