{
  "name": "Реактивный Скафандр",
  "icon": "ad_astra:jet_suit_helmet",
  "sortnum": 0,
  "category": "ad_astra:the_hot_planets",
  "pages": [
    {
      "type": "patchouli:spotlight",
      "title": "Реактивный Скафандр",
      "item": "ad_astra:jet_suit_helmet",
      "text": "Реактивный Скафандр - это модернизированная версия незеритового скафандра, с большей защитой, дополнительным запасом кислорода и возможностью полета. Его изготовление обходится дорого, но он обеспечивает высокую скорость полета, что облегчает путешествие."
    },
    {
      "type": "patchouli:text",
      "text": "У него есть два режима полета: взлетающий ($(k:jump)) и ускоренный ($(k:jump) + $(k:sprint)). Взлетающий заставляет владельца лететь вверх, в то время как ускоренный похож на элитры, которые постоянно приводятся в движение фейерверком. Реактивный костюм питается от энергии и должен быть заряжен для полета. Его можно зарядить энерджайзером, щелкнув по нему правой кнопкой мыши с помощью реактивного костюма."
    },
    {
      "type": "patchouli:crafting",
      "recipe": "ad_astra:recipes/jet_suit_helmet",
      "recipe2": "ad_astra:recipes/jet_suit"
    },
    {
      "type": "patchouli:crafting",
      "recipe": "ad_astra:recipes/jet_suit_pants",
      "recipe2": "ad_astra:recipes/jet_suit_boots"
    }
  ]
}