{
  "name": "Проксима Центавра",
  "icon": "ad_astra:/textures/painting/alpha_centauri.png",
  "sortnum": 1,
  "category": "ad_astra:the_hot_planets",
  "pages": [
    {
      "type": "patchouli:text",
      "title": "Проксима Центавра",
      "text": "Как только вы найдете достаточно Калорита, чтобы создать ракету четвертого уровня, вы сможете покинуть эту солнечную систему и войти в новую. Первая планета, на которую вы отправитесь в Проксиме Центавра, - это Гласио. В Гласио зверски холодно, однако в нем есть кислород, что позволяет вам выжить там без скафандра."
    },
    {
      "type": "patchouli:text",
      "text": "На данный момент это конец продвижения Ad Astra. Это руководство будет расширяться по мере добавления нового контента. Спасибо, что играете в Ad Astra!"
    }
  ]
}