{
  "name": "Паливо",
  "icon": "ad_astra:fuel_bucket",
  "sortnum": 2,
  "category": "ad_astra:the_first_launch",
  "pages": [
    {
      "type": "patchouli:text",
      "text": "Навіть після того, як ви розмістите свою ракету, ви ще не можете полетіти. Для польоту вам потрібно буде заправити ракету паливом."
    },
    {
      "type": "patchouli:spotlight",
      "title": "Отримання палива",
      "item": "ad_astra:oil_bucket",
      "text": "Нафта у великих кількостях вивергається над поверхнею океану. Зберіть якомога більше нафти, адже нафта не відновлюється і її потрібно досить багато для кожного запуску ракети."
    },
    {
      "type": "patchouli:spotlight",
      "title": "Отримання палива",
      "item": "ad_astra:fuel_bucket",
      "text": "Зібравши достатню кількість нафти (принаймні шість відер для запуску та повернення), вам потрібно буде перетворити нафту в паливо. Для цього вам потрібно буде виготовити паливопереробник. Увімкніть його, потім розмістіть масло в лівий слот і воно очиститься до стану палива."
    },
    {
      "type": "patchouli:crafting",
      "title": "Паливопереробник",
      "recipe": "ad_astra:recipes/fuel_refinery",
      "text": "Shift-клац по ракеті, щоб відкрити її інвентар, потім розмістіть три відра палива у вхідному слоті. Розмістіть інші три відра в інвентар ракети для повернення."
    }
  ]
}