{
  "name": "Кисень",
  "icon": "ad_astra:oxygen_tank",
  "sortnum": 3,
  "category": "ad_astra:the_first_launch",
  "pages": [
    {
      "type": "patchouli:text",
      "text": "Отже, тепер ви можете запустити власну ракету; однак ви, швидше за все, помрете дуже швидко, оскільки на Місяці немає кисню. Щоб вижити на Місяці, вам знадобиться насичений киснем скафандр і достатній запас кисню."
    },
    {
      "type": "patchouli:crafting",
      "recipe": "ad_astra:recipes/space_helmet",
      "recipe2": "ad_astra:recipes/space_suit"
    },
    {
      "type": "patchouli:crafting",
      "recipe": "ad_astra:recipes/space_pants",
      "recipe2": "ad_astra:recipes/space_boots"
    },
    {
      "type": "patchouli:spotlight",
      "title": "Кисень",
      "item": "ad_astra:oxygen_bucket",
      "text": "Щоб отримати кисень, його необхідно добути з води. Для цього потрібен кисневий апарат. Зробіть один, потім розмістіть воду в лівий резервуар і спостерігайте, як вона перетворюється на кисень. Ви повинні повторити цей процес багато разів, доти у вас не буде достатній запас кисню."
    },
    {
      "type": "patchouli:crafting",
      "title": "Кисневий апарат",
      "recipe": "ad_astra:recipes/oxygen_loader",
      "text": "Після перетворення кисень можна зібрати у відро, скафандр або кисневий балон. Коли у вас буде достатньо кисню, ви за кілька хвилин від запуску своєї першої ракети!"
    }
  ]
}