{
  "name": "Підготовка до запуску",
  "icon": "ad_astra:tier_1_rocket",
  "sortnum": 4,
  "category": "ad_astra:the_first_launch",
  "pages": [
    {
      "type": "patchouli:text",
      "text": "$(#ff0000)Виконуйте ці дії дуже уважно! $()Пропустите хоча б один пункт і це може ускладнити вам життя або, що ще гірше, ви залишитесь на Місяці назавжди!$(br2)Щоб повернутися на Землю з Місяця, вам потрібні дві основні речі: майданчик для запуску і три відра пального."
    },
    {
      "type": "patchouli:text",
      "text": "Розмістіть ці предмети в інвентарі вашої ракети та переконайтеся, що вони у вас завжди є під час кожного запуску ракети. Нарешті, ви повинні взяти з собою кілька повних кисневих балонів, достатньо їжі, смолоскипи душ або світлокамінь, зброю та інструменти. Зібравши все це, ви готові до запуску! Увійдіть до ракети та натисніть $(k:jump)!"
    }
  ]
}