{
  "name": "Місяць",
  "icon": "ad_astra:/textures/sky/moon.png",
  "sortnum": 5,
  "category": "ad_astra:the_first_launch",
  "pages": [
    {
      "type": "patchouli:spotlight",
      "title": "Місяць",
      "item": "ad_astra:desh_ingot",
      "text": "Вітаємо з досягненням Місяця! Місяць — безплідна пустка, сіра й мертва, скільки сягає око; однак під поверхнею ви знайдете наступний важливий ресурс в Ad Astra — деш! Деш використовується для створення передових приладів, космічних станцій і ракет другого рівня."
    },
    {
      "type": "patchouli:text",
      "title": "Повернення додому",
      "text": "Щоб повернутися на Землю, відкрийте посадковий апарат (Shift + Пкм) і заберіть ракету, пальне та майданчик для запуску. Щоб прибрати посадковий апарат, вдарте по ньому. Установіть майданчик для запуску, розмістіть ракету та заправте її паливом. Натисніть $(k:jump) і летіть назад на Землю."
    }
  ]
}