{
  "name": "Топливо",
  "icon": "ad_astra:fuel_bucket",
  "sortnum": 2,
  "category": "ad_astra:the_first_launch",
  "pages": [
    {
      "type": "patchouli:text",
      "text": "Даже после того, как вы разместите свою ракету, вы еще не сможете летать. Чтобы взлететь, вам нужно будет заправить ракету топливом."
    },
    {
      "type": "patchouli:spotlight",
      "title": "Получение Топлива",
      "item": "ad_astra:oil_bucket",
      "text": "Нефть в больших количествах выбрасывается на поверхность океана. Соберите как можно больше нефти, так как нефть невозобновляема, и вам нужно ее много для каждого запуска ракеты."
    },
    {
      "type": "patchouli:spotlight",
      "title": "Получение Топлива",
      "item": "ad_astra:fuel_bucket",
      "text": "После сбора достаточного количества нефти (не менее шести ведер для запуска и возврата) вам нужно будет переработать нефть в топливо. Чтобы сделать это, вам нужно будет создать Нефтеперерабатывающий Завод. Включите его, затем поместите масло в левую щель, и оно превратится в топливо."
    },
    {
      "type": "patchouli:crafting",
      "title": "Нефтеперерабатывающий Завод",
      "recipe": "ad_astra:recipes/fuel_refinery",
      "text": "Щелкните правой кнопкой мыши с зажатой клавишок Shift по ракете, чтобы открыть ее инвентарь, затем поместите три ведра топлива во впускной слот. Поместите остальные три ведра в инвентарь ракеты для обратного полета."
    }
  ]
}