{
  "name": "Кислород",
  "icon": "ad_astra:oxygen_tank",
  "sortnum": 3,
  "category": "ad_astra:the_first_launch",
  "pages": [
    {
      "type": "patchouli:text",
      "text": "В этот момент вы можете запустить свою ракету; однако, скорее всего, вы очень быстро умрете, так как на Луне нет кислорода. Чтобы выжить на Луне, вам понадобится кислородный скафандр и достаточный запас кислорода."
    },
    {
      "type": "patchouli:crafting",
      "recipe": "ad_astra:recipes/space_helmet",
      "recipe2": "ad_astra:recipes/space_suit"
    },
    {
      "type": "patchouli:crafting",
      "recipe": "ad_astra:recipes/space_pants",
      "recipe2": "ad_astra:recipes/space_boots"
    },
    {
      "type": "patchouli:spotlight",
      "title": "Кислород",
      "item": "ad_astra:oxygen_bucket",
      "text": "Чтобы получить кислород, его необходимо извлечь из воды. Для этого требуется Кислородный Загрузчик. Создайте один, затем налейте воду в левый резервуар и наблюдайте, как она превращается в кислород. Вы должны повторить этот процесс много раз, пока у вас не будет достаточно кислорода."
    },
    {
      "type": "patchouli:crafting",
      "title": "Кислородный Загрузчик",
      "recipe": "ad_astra:recipes/oxygen_loader",
      "text": "Затем кислород можно извлечь, собрав его в ведро, Скафандр или Кислородный Баллон. После того, как у вас будет достаточно кислорода, вы будете в нескольких шагах от запуска своей первой ракеты!"
    }
  ]
}