{
  "name": "Подготовка к Запуску",
  "icon": "ad_astra:tier_1_rocket",
  "sortnum": 4,
  "category": "ad_astra:the_first_launch",
  "pages": [
    {
      "type": "patchouli:text",
      "text": "$(#ff0000)Следуйте этим шагам очень внимательно! $()Отсутствие хотя бы одной вещи здесь может усложнить вашу жизнь или, что еще хуже, привести к тому, что вы застрянете на Луне!$(br2)Для того чтобы вернуться на землю с Луны, вам нужны две основные вещи: стартовая площадка и три ведра топлива."
    },
    {
      "type": "patchouli:text",
      "text": "Поместите эти предметы в инвентарь вашей ракеты и убедитесь, что они всегда при вас при каждом запуске ракеты. Наконец, вы должны взять с собой несколько полных кислородных баллонов, много еды, факелы души или светящийся камень, оружие и инструменты. Как только у вас это будет, вы готовы к запуску! Войдите в ракету и нажмите$(k:jump)!"
    }
  ]
}