{
  "name": "Луна",
  "icon": "ad_astra:/textures/sky/moon.png",
  "sortnum": 5,
  "category": "ad_astra:the_first_launch",
  "pages": [
    {
      "type": "patchouli:spotlight",
      "title": "Луна",
      "item": "ad_astra:desh_ingot",
      "text": "Поздравляем с достижением Луны! Луна - это бесплодная пустошь, серая и мертвая, насколько хватает глаз; однако под землей вы найдете следующий крупный ресурс в Ad Astra - Деш! Дэш используется для создания современных машин, космических станций и ракеты второго уровня."
    },
    {
      "type": "patchouli:text",
      "title": "Возвращение домой",
      "text": "Чтобы вернуться обратно на землю, откройте свой посадочный модуль (shift + щелчок правой кнопкой мыши) и заберите ракету, топливо и стартовые площадки. Чтобы извлечь посадочный модуль, ударьте по нему. Подготовьте стартовую площадку, опустите ракету и заправьте её топливом. Нажмите $(k:jump) и улети обратно на землю."
    }
  ]
}