{
  "name": "Trophies",
  "icon": "ad_astra:mars_globe",
  "sortnum": 0,
  "category": "ad_astra:surviving_mars",
  "pages": [
    {
      "type": "patchouli:spotlight",
      "title": "Globes",
      "item": "ad_astra:earth_globe",
      "text": "Globes are trophy blocks found as a reward at the end of a dungeon. Globes offer no practical function and are instead a decoration block. They can be spun around by right-clicking or can spin forever when powered by redstone."
    },
    {
      "type": "patchouli:spotlight",
      "title": "Space Paintings",
      "item": "ad_astra:space_painting",
      "text": "Space paintings are found in chests throughout dungeons. They work exactly like regular paintings but only place paintings from this mod. There are 14 pieces to look for."
    }
  ]
}