{
  "name": "발사 준비",
  "icon": "ad_astra:tier_1_rocket",
  "sortnum": 4,
  "category": "ad_astra:the_first_launch",
  "pages": [
    {
      "type": "patchouli:text",
      "text": "$(#ff0000)다음 단계를 주의깊게 따르세요. $()여기서 한 가지라도 놓치면 생활이 곤란해지고 더 나쁘면 달에 좌초될 수도 있습니다!$(br2)달에서 지구로 돌아가기 위해서는 두 가지의 기본적인 것이 필요합니다. 9개와 로켓 발사대와 3개의 연료 양동이가 필요합니다."
    },
    {
      "type": "patchouli:text",
      "text": "이러한 것들을 로켓 인벤토리에 넣고 로켓을 발사할 떄마다 항상 가지고 있는지 확인하세요. 마지막으로, 여러 개의 가득 찬 산소 탱크, 풍부한 음식, 영혼 횟불 또는 발광석, 무기 및 도구를 가져와야 합니다. 이 것들이 있다면, 발사할 준비가 다 된 것입니다. 로켓에 탑승해서 $(k:jump) 키를 누르세요!"
    }
  ]
}