{
  "name": "Проксима Центавра",
  "icon": "ad_astra:/textures/painting/alpha_centauri.png",
  "sortnum": 1,
  "category": "ad_astra:the_hot_planets",
  "pages": [
    {
      "type": "patchouli:text",
      "title": "Proxima Centauri",
      "text": "Коли ви знайдете достатньо калориту, щоб створити ракету четвертого рівня на якій ви зможете покинути цю сонячну систему та увійти в нову. Перша планета, на яку ви попрямуєте в Проксимі Центавра — Ґласіо. Ґласіо жорстко холодна, однак на ній є кисень, що дозволяє вижити там без скафандра."
    },
    {
      "type": "patchouli:text",
      "text": "Наразі це кінець розвитку Ad Astra. Цей довідник буде розширено, коли додаватиметься більше вмісту. Дякуємо за гру в Ad Astra!"
    }
  ]
}