{
  "name": "Краще паливо",
  "icon": "ad_astra:cryo_freezer",
  "sortnum": 3,
  "category": "ad_astra:surviving_mars",
  "pages": [
    {
      "type": "patchouli:spotlight",
      "title": "Кріоморозильник",
      "item": "ad_astra:cryo_freezer",
      "text": "Паливо важко дістати; для цього потрібно вирушити в океан та шукати джерела нафти. Кріоморозильник представляє новий спосіб отримання кращого палива - кріопалива. Кріопаливо є набагато ефективнішим, ніж звичайне паливо, що дозволяє запускати ракету лише одним відром."
    },
    {
      "type": "patchouli:text",
      "text": "Його створюють шляхом збирання крижаних уламків, які можна знайти у вигляді руди під землею на холодних планетах. Потім крижаний уламок потрібно вставити в кріоморозильник, і він перетвориться на 25 мБ кріопалива. Крім того, ви можете перетворити лід, сухий лід і синій лід на паливо. Коли ви зробите принаймні два відра (одне для запуску, а інше для шляху назад), помістіть відра у слот для ракетного палива."
    },
    {
      "type": "patchouli:crafting",
      "recipe": "ad_astra:recipes/cryo_freezer"
    },
    {
      "type": "patchouli:spotlight",
      "title": "Кріопаливо",
      "item": "ad_astra:cryo_fuel_bucket",
      "text": "Окрім властивості чудового палива, кріопаливо має деякі інші особливості. При розміщенні воно буде шкодити всьому що подає в нього, схоже до лави. Він може бути розміщений у космосі та Незері без випаровування. І на кінець, воно заморожує воду, тим самим створюючи нескінченне джерело льоду."
    }
  ]
}