{
  "name": "Наснажник",
  "icon": "ad_astra:energizer",
  "sortnum": 2,
  "category": "ad_astra:surviving_mars",
  "pages": [
    {
      "type": "patchouli:spotlight",
      "title": "Наснажник",
      "item": "ad_astra:energizer",
      "text": "Наснажник — це присрій, що здатен живити предмети та накопичувати велику кількість енергії. Щоб зарядити предмет, увімкніть наснажник, а потім натисність Пкм по наснажнику з предметом у руці. Він зберігає 2 мільйони одиниць енергії, що робить його здатним заряджати присторої протягом дуже тривалого часу. До того ж, він зберігає свою енергію, якщо його зруйнувати."
    },
    {
      "type": "patchouli:crafting",
      "recipe": "ad_astra:recipes/energizer"
    }
  ]
}