{
  "name": "Рідинні труби",
  "icon": "ad_astra:ostrum_fluid_pipe",
  "sortnum": 1,
  "category": "ad_astra:surviving_mars",
  "pages": [
    {
      "type": "patchouli:spotlight",
      "title": "Рідинні труби",
      "item": "ad_astra:ostrum_fluid_pipe",
      "text": "Це труби схожі на кабелі, але слугують для транспортування рідини замість енергії. Щоб використати їх, створіть труби та гайковий ключ. Потім гайковим ключем клацніть Пкм на одній з труб, щоб перейти до режимів труби: «пусто», «нормальна», «впускати» та «висмоктувати»."
    },
    {
      "type": "patchouli:crafting",
      "text": "Труби в режимі «впускати» будуть отримувати рідину з мережі, а труби з «висмоктувати» будуть закачувати рідину в мережу.",
      "recipe": "ad_astra:recipes/desh_fluid_pipe"
    },
    {
      "type": "patchouli:crafting",
      "recipe": "ad_astra:recipes/ostrum_fluid_pipe",
      "recipe2": "ad_astra:recipes/wrench"
    }
  ]
}