{
  "name": "Трофеї",
  "icon": "ad_astra:mars_globe",
  "sortnum": 0,
  "category": "ad_astra:surviving_mars",
  "pages": [
    {
      "type": "patchouli:spotlight",
      "title": "Глобуси",
      "item": "ad_astra:earth_globe",
      "text": "Глобуси — це трофейні блоки, знайдені як нагорода вкінці підземелля. Глобуси не виконують практичної функції, натомість є декоративними блоками. Їх можна обертати, клацнувши Пкм, або вони можуть обертатися вічно, якщо під'єднати сигнал редстоуну."
    },
    {
      "type": "patchouli:spotlight",
      "title": "Космічні картини",
      "item": "ad_astra:space_painting",
      "text": "Космічні картини можна знайти в скринях у всіх підземеллях. Вони працюють так само як звичайні картини, але розміщують лише картини з цього моду. Всього 14 картин на які можна глянути."
    }
  ]
}