{
  "name": "Венера та Меркурій",
  "icon": "ad_astra:/textures/sky/venus.png",
  "sortnum": 5,
  "category": "ad_astra:surviving_mars",
  "pages": [
    {
      "type": "patchouli:spotlight",
      "title": "Калорит",
      "item": "ad_astra:calorite_ingot",
      "text": "Коли у вас буде достатньо оструму, щоб створити повний комплект незеритового скафандра та всі компоненти ракети третього рівня, ви зможете подорожувати на Венеру та Меркурій. Зверніть увагу, що якщо ви потрапите на ці планети без незеритового скафандра або вогнестійкості, ви помрете дуже швидко. Наступний матеріал, який ви шукатимете — калорит."
    },
    {
      "type": "patchouli:text",
      "text": "Калорит використовується для виготовлення найкращої ракети, здатної подорожувати до нової сонячної системи."
    }
  ]
}